-- phpMyAdmin SQL Dump
-- version 5.2.1
-- https://www.phpmyadmin.net/
--
-- Host: 127.0.0.1
-- Waktu pembuatan: 01 Feb 2026 pada 07.55
-- Versi server: 10.4.28-MariaDB
-- Versi PHP: 8.0.28

SET SQL_MODE = "NO_AUTO_VALUE_ON_ZERO";
START TRANSACTION;
SET time_zone = "+00:00";


/*!40101 SET @OLD_CHARACTER_SET_CLIENT=@@CHARACTER_SET_CLIENT */;
/*!40101 SET @OLD_CHARACTER_SET_RESULTS=@@CHARACTER_SET_RESULTS */;
/*!40101 SET @OLD_COLLATION_CONNECTION=@@COLLATION_CONNECTION */;
/*!40101 SET NAMES utf8mb4 */;

--
-- Database: `fastprint`
--

-- --------------------------------------------------------

--
-- Struktur dari tabel `kategori`
--

CREATE TABLE `kategori` (
  `id_kategori` int(11) NOT NULL,
  `nama_kategori` varchar(100) DEFAULT NULL
) ENGINE=InnoDB DEFAULT CHARSET=utf8mb4 COLLATE=utf8mb4_general_ci;

--
-- Dumping data untuk tabel `kategori`
--

INSERT INTO `kategori` (`id_kategori`, `nama_kategori`) VALUES
(1, 'L QUEENLY'),
(2, 'L MTH AKSESORIS (IM)'),
(3, 'L MTH TABUNG (LK)'),
(4, 'SP MTH SPAREPART (LK)'),
(5, 'CI MTH TINTA LAIN (IM)'),
(6, 'L MTH AKSESORIS (LK)'),
(7, 'S MTH STEMPEL (IM)');

-- --------------------------------------------------------

--
-- Struktur dari tabel `produk`
--

CREATE TABLE `produk` (
  `id_produk` int(11) NOT NULL,
  `nama_produk` varchar(255) DEFAULT NULL,
  `harga` decimal(10,2) DEFAULT NULL,
  `kategori_id` int(11) DEFAULT NULL,
  `status_id` int(11) DEFAULT NULL
) ENGINE=InnoDB DEFAULT CHARSET=utf8mb4 COLLATE=utf8mb4_general_ci;

--
-- Dumping data untuk tabel `produk`
--

INSERT INTO `produk` (`id_produk`, `nama_produk`, `harga`, `kategori_id`, `status_id`) VALUES
(1, 'ALCOHOL GEL POLISH CLEANSER GP-CLN01', 12500.00, 1, 1),
(2, 'ALUMUNIUM FOIL ALL IN ONE BULAT 23mm IM', 1000.00, 2, 1),
(3, 'ALUMUNIUM FOIL ALL IN ONE BULAT 30mm IM', 1000.00, 2, 1),
(4, 'ALUMUNIUM FOIL ALL IN ONE SHEET 250mm IM', 12500.00, 2, 2),
(5, 'ALUMUNIUM FOIL HDPE/PE BULAT 23mm IM', 12500.00, 2, 1),
(6, 'ALUMUNIUM FOIL HDPE/PE BULAT 30mm IM', 1000.00, 2, 1),
(7, 'ALUMUNIUM FOIL HDPE/PE SHEET 250mm IM', 13000.00, 2, 2),
(8, 'ALUMUNIUM FOIL PET SHEET 250mm IM', 1000.00, 2, 2),
(9, 'ARM PENDEK MODEL U', 13000.00, 2, 1),
(10, 'ARM SUPPORT KECIL', 13000.00, 3, 2),
(11, 'ARM SUPPORT KOTAK PUTIH', 13000.00, 2, 2),
(12, 'ARM SUPPORT PENDEK POLOS', 13000.00, 3, 1),
(13, 'ARM SUPPORT S IM', 1000.00, 2, 2),
(14, 'ARM SUPPORT T (IMPORT)', 13000.00, 2, 1),
(15, 'ARM SUPPORT T - MODEL 1 ( LOKAL )', 10000.00, 3, 1),
(16, 'BLACK LASER TONER FP-T3 (100gr)', 13000.00, 2, 2),
(17, 'BODY PRINTER CANON IP2770', 500.00, 4, 1),
(18, 'BODY PRINTER T13X', 15000.00, 4, 1),
(19, 'BOTOL 1000ML BLUE KHUSUS UNTUK EPSON R1800/R800 - 4180 IM (T054920)', 10000.00, 5, 1),
(20, 'BOTOL 1000ML CYAN KHUSUS UNTUK EPSON R1800/R800/R1900/R2000 - 4120 IM (T054220)', 10000.00, 5, 2),
(21, 'BOTOL 1000ML GLOSS OPTIMIZER KHUSUS UNTUK EPSON R1800/R800/R1900/R2000/IX7000/MG6170 - 4100 IM (T054020)', 1500.00, 5, 1),
(22, 'BOTOL 1000ML L.LIGHT BLACK KHUSUS UNTUK EPSON 2400 - 0599 IM', 1500.00, 5, 2),
(23, 'BOTOL 1000ML LIGHT BLACK KHUSUS UNTUK EPSON 2400 - 0597 IM', 1500.00, 5, 2),
(24, 'BOTOL 1000ML MAGENTA KHUSUS UNTUK EPSON R1800/R800/R1900/R2000 - 4140 IM (T054320)', 1000.00, 5, 1),
(25, 'BOTOL 1000ML MATTE BLACK KHUSUS UNTUK EPSON R1800/R800/R1900/R2000 - 3503 IM (T054820)', 1500.00, 5, 2),
(26, 'BOTOL 1000ML ORANGE KHUSUS UNTUK EPSON R1900/R2000 IM - 4190 (T087920)', 1500.00, 5, 1),
(27, 'BOTOL 1000ML RED KHUSUS UNTUK EPSON R1800/R800/R1900/R2000 - 4170 IM (T054720)', 1000.00, 5, 2),
(28, 'BOTOL 1000ML YELLOW KHUSUS UNTUK EPSON R1800/R800/R1900/R2000 - 4160 IM (T054420)', 1500.00, 5, 2),
(29, 'BOTOL KOTAK 100ML LK', 1000.00, 6, 1),
(30, 'BOTOL 10ML IM', 1000.00, 7, 2);

-- --------------------------------------------------------

--
-- Struktur dari tabel `status`
--

CREATE TABLE `status` (
  `id_status` int(11) NOT NULL,
  `nama_status` varchar(50) DEFAULT NULL
) ENGINE=InnoDB DEFAULT CHARSET=utf8mb4 COLLATE=utf8mb4_general_ci;

--
-- Dumping data untuk tabel `status`
--

INSERT INTO `status` (`id_status`, `nama_status`) VALUES
(1, 'bisa dijual'),
(2, 'tidak bisa dijual');

--
-- Indexes for dumped tables
--

--
-- Indeks untuk tabel `kategori`
--
ALTER TABLE `kategori`
  ADD PRIMARY KEY (`id_kategori`);

--
-- Indeks untuk tabel `produk`
--
ALTER TABLE `produk`
  ADD PRIMARY KEY (`id_produk`),
  ADD KEY `kategori_id` (`kategori_id`),
  ADD KEY `status_id` (`status_id`);

--
-- Indeks untuk tabel `status`
--
ALTER TABLE `status`
  ADD PRIMARY KEY (`id_status`);

--
-- AUTO_INCREMENT untuk tabel yang dibuang
--

--
-- AUTO_INCREMENT untuk tabel `kategori`
--
ALTER TABLE `kategori`
  MODIFY `id_kategori` int(11) NOT NULL AUTO_INCREMENT, AUTO_INCREMENT=8;

--
-- AUTO_INCREMENT untuk tabel `produk`
--
ALTER TABLE `produk`
  MODIFY `id_produk` int(11) NOT NULL AUTO_INCREMENT, AUTO_INCREMENT=153;

--
-- AUTO_INCREMENT untuk tabel `status`
--
ALTER TABLE `status`
  MODIFY `id_status` int(11) NOT NULL AUTO_INCREMENT, AUTO_INCREMENT=3;

--
-- Ketidakleluasaan untuk tabel pelimpahan (Dumped Tables)
--

--
-- Ketidakleluasaan untuk tabel `produk`
--
ALTER TABLE `produk`
  ADD CONSTRAINT `produk_ibfk_1` FOREIGN KEY (`kategori_id`) REFERENCES `kategori` (`id_kategori`),
  ADD CONSTRAINT `produk_ibfk_2` FOREIGN KEY (`status_id`) REFERENCES `status` (`id_status`);
COMMIT;

/*!40101 SET CHARACTER_SET_CLIENT=@OLD_CHARACTER_SET_CLIENT */;
/*!40101 SET CHARACTER_SET_RESULTS=@OLD_CHARACTER_SET_RESULTS */;
/*!40101 SET COLLATION_CONNECTION=@OLD_COLLATION_CONNECTION */;
